,,,,,
DATA,ATIVIDADE,TIPO,PATICIPANTES,TEMA,TEMPO (MIN)
3/1/2018,SESSÃO CLÍNICA DE CIRURGIA VASCULAR,SESSÃO,8,ERIGIPELA,70
8/1/2018,SESSÃO CLÍNICA DE CIRURGIA VASCULAR,SESSÃO,5,DISCUSSÃO CLÍNICA DOS CASOS OPERADOS,85
10/1/2018,SESSÃO CLÍNICA DE CIRURGIA VASCULAR,SESSÃO,8,TRANSPLANTE RENAL,83
10/1/2018,GRAVAÇÃO DE VIDEOAULA INTERNA - UROLOGIA ,GRAVAÇÃO VÍDEOAULA,1,PROFº JUAREZ ANDRADE - CÂNCER DE PRÓSTATA,90
11/1/2018,GRAVAÇÃO DE VIDEOAULA INTERNA - UROLOGIA ,GRAVAÇÃO VÍDEOAULA,1,PROFº LUCAS BATISTA - TUMOR DE PÊNIS,70
11/1/2018,PROJETO TELESSAÚDE - AMBAC,WEBCONFERÊNCIA,1,TELECONSULTORIA,150
12/1/2018,REUNIÃO ADMINISTRATIVA,REUNIÃO SRAS,3,ATIVIDADE DO SRAS,100
12/1/2018,VIDEOCONFERÊNCIA EBSERH,VIDEOCONFERÊNCIA EBSERH,1,PROFº RAYMUNDO PARANÁ - CONTROLE DAS HEPATITES VIRAIS,385
15/1/2018,SESSÃO CLÍNICA DE CIRURGIA VASCULAR,SESSÃO,5,DISCUSSÃO CLÍNICA DOS CASOS OPERADOS,60
15/1/2018,REUNIÃO DO INTERNATO,REUNIÃO DRª SUZY,27,REUNIÃO INTERNATO,60
17/1/2018,SESSÃO CLÍNICA DE CIRURGIA VASCULAR,SESSÃO,6,SÍNDROME DO DESFILADEIRO CÉRVICO-TORÁCICO,86
19/1/2018,SIG TELECOLOPROCTOLOGIA,SIG,6,DISCUSSÃO DE CASOS CLÍNICOS,75
22/1/2018,SESSÃO CLÍNICA DE CIRURGIA VASCULAR,SESSÃO,4,DISCUSSÃO CLÍNICA DOS CASOS OPERADOS,50
24/1/2018,SESSÃO CLÍNICA DE CIRURGIA VASCULAR,SESSÃO,9,APRISIONAMENTO DA ARTÉRIA POPLÍTEA,100
25/1/2018,PROJETO TELESSAÚDE - AMBAC,WEBCONFERÊNCIA,1,TELECONSULTORIA,150
25/1/2018,GRAVAÇÃO DE VIDEOAULA INTERNA - UROLOGIA ,GRAVAÇÃO VÍDEOAULA,1,PROFº LUCAS BATISTA - TUMOR DE TESTÍCULOS,40
26/1/2018,GRAVAÇÃO DE VIDEOAULA EXTERNA - ENFERMAGEM,GRAVAÇÃO VÍDEOAULA,23,CAFÉ CIENTÍFICO ENFERMAGEM - MEDICAMENTOS DE ALTA VIGILÂNCIA,80
29/1/2018,SESSÃO CLÍNICA DE CIRURGIA VASCULAR,SESSÃO,5,DISCUSSÃO CLÍNICA DOS CASOS OPERADOS,60
29/1/2018,REUNIÃO DO CINECLUBINHO,REUNIÃO DRª SUZY,4,REUNIÃO CINECLUBINHO,30
31/1/2018,SESSÃO CLÍNICA DE CIRURGIA VASCULAR,SESSÃO,13,APRESENTAÇÃO DE TCC,160
1/2/2018,PROJETO TELESSAÚDE - AMBAC,WEBCONFERÊNCIA,1,TELECONSULTORIA,150
5/2/2018,SESSÃO CLÍNICA DE CIRURGIA VASCULAR,SESSÃO,6,DISCUSSÃO CLÍNICA DOS CASOS OPERADOS,50
5/2/2018,TESTE DE CONEXÃO - BANCA,TESTE DE BANCA,1,TESTE DE CONEXÃO,30
6/2/2018,GRAVAÇÃO DE VIDEOAULA INTERNA - PEDIATRIA,GRAVAÇÃO VÍDEOAULA,1,PROFª LUIZA CABUS - O QUE A PEDIATRIA PRECISA SABER SOBRE A SÍNDROME DE DOWN,65
6/2/2018,SIG SIMULAÇÃO EM SAÚDE,SIG,3,SIMULAÇÃO CLÍNICA E TRABALHO INTER-PROFISSIONAL,75
15/2/2018,PROJETO TELESSAÚDE - AMBAC,WEBCONFERÊNCIA,1,TELECONSULTORIA,150
15/2/2018,TESTE DE CONEXÃO - BANCA,TESTE DE BANCA,1,TESTE DE CONEXÃO,30
16/2/2018,DEFESA DE DISSERTAÇÃO DE MESTRADO,BANCA MESTRADO,9,"MOBILIDADE TORÁCICA, FORÇA MUSCULAR RESPIRATÓRIA E FUNÇÃO PULMONAR NA DOENÇA DE PARKINSON",180
19/2/2018,SESSÃO CLÍNICA DE CIRURGIA VASCULAR,SESSÃO,5,DISCUSSÃO CLÍNICA DOS CASOS OPERADOS,115
19/2/2018,GRAVAÇÃO DE VIDEOAULA INTERNA - RESIDENTE,GRAVAÇÃO VÍDEOAULA,1,DOAÇÃO DE SANGUE,20
19/2/2018,VIDEOCONFERÊNCIA EBSERH,VIDEOCONFERÊNCIA EBSERH,5,QUARTA AGENDA DO PROJETO DE EXPANSÃO DO MODELO DE REGULAÇÃO ASSISTENCIAL,60
20/2/2018,GRAVAÇÃO DE VIDEOAULA INTERNA - PEDIATRIA,GRAVAÇÃO VÍDEOAULA,1,IMUNIZAÇÃO,95
20/2/2018,SIG SENTINELAS EM AÇÃO,SIG,4,SEGURANÇA DO PACIENTE NO GERENCIAMENTO E USO DE MEDICAMENTOS,60
20/2/2018,SIG DEGLUTIÇÃO E DISFAGIA,SIG,4,USO DE ELETROESTIMULAÇÃO NA REABILITAÇÃO DAS DISFAGIAS NEUROGÊNICAS DE ADULTOS E IDOSOS,60
21/2/2018,GRAVAÇÃO DE VIDEOAULA INTERNA - RESIDENTE,GRAVAÇÃO VÍDEOAULA,1,APRESENTAÇÃO DA UNIDADE DE LABORATÓRIO DE ANÁLISES CLÍNICAS,64
22/2/2018,GRAVAÇÃO DE VIDEOAULA INTERNA - UROLOGIA,GRAVAÇÃO VÍDEOAULA,1,PROFº LUCAS BATISTA - DISFUNÇÃO ERÉTIL / INFERTILIDADE,70
22/2/2018,PROJETO TELESSAÚDE - AMBAC,WEBCONFERÊNCIA,1,TELECONSULTORIA,150
22/2/2018,DEFESA DE DISSERTAÇÃO DE MESTRADO,BANCA MESTRADO,23,INSERÇÃO PROFISSIONAL DE ENFERMEIRAS EGRESSAS DOS PROGRAMAS DE RESIDÊNCIAS MULTIPROFISSIONAIS EM SAÚDE MENTAL,150
23/2/2018,SIG TÉCNICO OPERACIONAL,SIG,1,TESTE EM SOLUÇÃO DE VÍDEOCONFERÊNCIA EM NUVEM,90
26/2/2018,SESSÃO CLÍNICA DE CIRURGIA VASCULAR,SESSÃO,4,DISCUSSÃO CLÍNICA DOS CASOS OPERADOS,50
26/2/2018,REUNIÃO ADMINISTRATIVA,REUNIÃO SRAS,2,ATIVIDADE DO SRAS,60
26/2/2018,QUALIFICAÇÃO DE TESE DE DOUTORADO,BANCA DOUTORADO,17,PRODUÇÃO CIENTÍFICA EM PERIÓDICOS DE ENFERMAGEM: ANÁLISE EPISTEMOLÓGICA,155
27/2/2018,SIG SENTINELAS EM AÇÃO,SIG,8,EXPERIÊNCIA DA IMPLANTAÇÃO DO NÚCLEO DE SEGURANÇA DO PACIENTE NO HOSPITAL UNIVERSITÁRIO EDGARD SANTOS,60
1/3/2018,PROJETO TELESSAÚDE - AMBAC,WEBCONFERÊNCIA,1,TELECONSULTORIA,180
2/3/2018,VIDEOCONFERÊNCIA EBSERH,VIDEOCONFERÊNCIA EBSERH,5,SEGURANÇA DO TRABALHO,155
5/3/2018,SESSÃO CLÍNICA DE CIRURGIA VASCULAR,SESSÃO,7,DISCUSSÃO CLÍNICA DOS CASOS OPERADOS,90
5/3/2018,DEFESA DE DISSERTAÇÃO DE MESTRADO,BANCA MESTRADO,1,TESTE DE CONEXÃO,150
6/3/2018,VIDEOCONFERÊNCIA EBSERH,VIDEOCONFERÊNCIA EBSERH,7,FINANCIAMENTO DE PESQUISAS,120
6/3/2018,SIG SENTINELAS EM AÇÃO,SIG,8,SEGURANÇA DO PACIENTE NA PREVENÇÃO DE DANOS DECORRENTE DE QUEDAS,70
6/3/2018,SIG SIMULAÇÃO EM SAÚDE,SIG,2,ARQUITETURA E IMPLANTAÇÃO DE LABORATÓRIOS DE SIMULAÇÃO EM ÁREAS ACADÊMICAS E ASSISTENCIAIS,60
6/3/2018,TESTE DE CONEXÃO - BANCA,TESTE DE BANCA,1,TESTE DE CONEXÃO,30
8/3/2018,PROJETO TELESSAÚDE - AMBAC,WEBCONFERÊNCIA,1,TELECONSULTORIA,150
8/3/2018,SIG RCP,SIG,1,DISCUSSÃO PARA MELHORIA DO SIG,60
8/3/2018,TESTE DE APRESENTAÇÃO COM ALUNO(A),TESTE DE BANCA,1,TESTE DE APRESENTAÇÃO,30
9/3/2018,QUALIFICAÇÃO DE TESE DE DOUTORADO,BANCA DOUTORADO,9,AUTONOMIA REPRODUTORA DE MULHERES QUILOMBOLAS,125
12/3/2018,SESSÃO CLÍNICA DE CIRURGIA VASCULAR,SESSÃO,7,DISCUSSÃO CLÍNICA DOS CASOS OPERADOS,85
12/3/2018,SIG ENDOCRINOLOGIA PEDIÁTRICA,SIG,8,HIPERTIREOIDISMO NEONATAL: RELATO DE CASO E DISCUSSÃO,65
12/3/2018,REUNIÃO DO CINECLUBINHO,REUNIÃO DRª SUZY,4,REUNIÃO CINECLUBINHO,90
13/3/2018,SIG SENTINELAS EM AÇÃO,SIG,6,SEGURANÇA DO PACIENTE NA PREVENÇÃO DE LESÃO POR PRESSÃO,65
13/3/2018,TESTE DE CONEXÃO - BANCA,TESTE DE BANCA,1,TESTE DE CONEXÃO,30
14/3/2018,SESSÃO CLÍNICA DE CIRURGIA VASCULAR,SESSÃO,13,OCLUSÃO ARTERIAL AGUDA,87
14/3/2018,TESTE DE CONEXÃO - BANCA,TESTE DE BANCA,1,TESTE DE CONEXÃO,30
14/3/2018,VIDEOCONFERÊNCIA EBSERH,VIDEOCONFERÊNCIA EBSERH,1,GRUPO DE TRABALHO PARA ESPECIFICAÇÃO DE ACESSÓRIOS DOS EQUIPAMENTOS,60
15/3/2018,REUNIÃO ADMINISTRATIVA,REUNIÃO SRAS,4,ATIVIDADE DO SRAS,44
15/3/2018,PROJETO TELESSAÚDE - AMBAC,WEBCONFERÊNCIA,1,TELECONSULTORIA,150
16/3/2018,DEFESA DE DISSERTAÇÃO DE MESTRADO,BANCA MESTRADO,1,POLIFARMÁCIA EM IDOSOS ATENDIDOS EM UNIDADES BÁSICAS DE UM MUNICÍPIO DO SUDOESTE BAIANO,130
16/3/2018,QUALIFICAÇÃO DE TESE DE DOUTORADO,BANCA DOUTORADO,6,O SENTIDO DOS VALORES NA PRÁTICA PROFISSIONAL DE ENFERMAGEM,180
19/3/2018,SESSÃO CLÍNICA DE CIRURGIA VASCULAR,SESSÃO,7,DISCUSSÃO CLÍNICA DOS CASOS OPERADOS,80
19/3/2018,TESTE DE APRESENTAÇÃO COM ALUNO(A),TESTE DE BANCA,1,TESTE DE APRESENTAÇÃO,30
19/3/2018,TESTE DE APRESENTAÇÃO COM ALUNO(A),TESTE DE BANCA,1,TESTE DE APRESENTAÇÃO,30
20/3/2018,GRAVAÇÃO DE VIDEOAULA INTERNA - PEDIATRIA,GRAVAÇÃO VÍDEOAULA,1,BRONQUIOLITE AGUDA VIRAL,44
20/3/2018,SIG SENTINELAS EM AÇÃO,SIG,8,SEGURANÇA DO PACIENTE NO CUIDADO AO PACIENTE COM EPIDERMÓLISE BOLHOSA,66
21/3/2018,SESSÃO CLÍNICA DE CIRURGIA VASCULAR,SESSÃO,9,DOENÇA CRÔNICA INFRA-INGUINAL,60
21/3/2018,    REUNIÃO ADMINISTRATIVA,REUNIÃO SRAS,6,ATIVIDADE DO SRAS,70
21/3/2018,QUALIFICAÇÃO DE DISSERTAÇÃO DE MESTRADO,BANCA MESTRADO,5,IMPLEMENTAÇÃO DE UM SCORE PEDIÁTRICO,90
21/3/2018,SIG COORDENADORES RUTE,SIG,1,APRESENTAÇÃO DO PLANO DE ATIVIDADES E OPERAÇÃO DA UINIDADE RUTE NA INSTITUIÇÃO,90
22/3/2018,    REUNIÃO ADMINISTRATIVA,REUNIÃO SRAS,4,ATIVIDADE DO SRAS,60
22/3/2018,SIG SAÚDE DA CRIANÇA E DO ADOLESCENTE,SIG,25,ESPECTRO CLÍNICO DA DOENÇA CELÍACA,60
22/3/2018,PROJETO TELESSAÚDE - AMBAC,WEBCONFERÊNCIA,1,TELECONSULTORIA,150
23/3/2018,GRAVAÇÃO DE VIDEOAULA EXTERNA - ENFERMAGEM,GRAVAÇÃO VÍDEOAULA,28,NOVO CÓDIGO DE ÉTICA DA ENFERMAGEM,150
23/3/2018,SIG TÉCNICO OPERACIONAL,SIG,2,4K,40
23/3/2018,QUALIFICAÇÃO DE DISSERTAÇÃO DE MESTRADO,BANCA MESTRADO,6,GESTÃO DO CUIDADO NA PROMOÇÃO DA CONTINÊNCIA URINÁRIA DE IDOSOS HOSPITALIZADOS À LUZ DA TEORIA DE DONABEDIAN,130
26/3/2018,SESSÃO CLÍNICA DE CIRURGIA VASCULAR,SESSÃO,6,DISCUSSÃO CLÍNICA DOS CASOS OPERADOS,70
26/3/2018,REUNIÃO ADMINISTRATIVA,REUNIÃO SRAS,3,ATIVIDADE DO SRAS,30
26/3/2018,REUNIÃO GERAL DE COORDENADORES DE SIG,WEBCONFERÊNCIA,5,INFORMAÇÕES A RESPEITO DOS SIG´S,90
26/3/2018,WEBOFICINA - PEDIATRIA,WEBCONFERÊNCIA,5,SOFRIMENTO DO ESTUDANTE DE MEDICINA,150
27/3/2018,GRAVAÇÃO DE VIDEOAULA INTERNA - PEDIATRIA,GRAVAÇÃO VÍDEOAULA,1,DISPLASIA BRONCO PULMONAR,70
27/3/2018,TESTE DE CONEXÃO - BANCA,TESTE DE BANCA,1,TESTE DE APRESENTAÇÃO,60
28/3/2018,SESSÃO CLÍNICA DE CIRURGIA VASCULAR,SESSÃO,10,DEONÇA OCLUSIVA AORTO-ILÍACA,95
28/3/2018,DEFESA DE TESE DE DOUTORADO,BANCA DOUTORADO,1,POTENCIAIS VACINAS E MARCADORES DE DIAGNÓSTICO PARA TOXOPLASMOSE BASEADO EM PEPTÍDEOS QUIMÉRICOS,240
2/4/2018,SESSÃO CLÍNICA DE CIRURGIA VASCULAR,SESSÃO,7,DISCUSSÃO CLÍNICA DOS CASOS OPERADOS,80
2/4/2018,REUNIÃO DO INTERNATO,REUNIÃO DRª SUZY,20,REUNIÃO DO INTERNATO,120
3/4/2018,SIG AVC,SIG,9,AVC E SUS,60
3/4/2018,SIG SENTINELAS EM AÇÃO,SIG,8,PROTOCOLO SEPSE,60
3/4/2018,SIG SIMULAÇÃO EM SAÚDE,SIG,6,CRM,60
4/4/2018,SESSÃO CLÍNICA DE CIRURGIA VASCULAR,SESSÃO,15,INSUFICIÊNCIA VENOSA CRÔNICA,80
4/4/2018,WEBCONFERÊNCIA - TRANSPLANTE CARDÍACO,WEBCONFERÊNCIA,2,DISCUSSÃO DE CASOS CLÍNICOS,90
5/4/2018,WEBPALESTRA TELESSAÚDE,WEBCONFERÊNCIA,3,MANEJO DAS ALTERAÇÕES NOS EXAMES PREVENTIVO DO CÂNCER DO COLO UTERINO,60
5/4/2018,PROJETO TELESSAÚDE - AMBAC,WEBCONFERÊNCIA,1,TELECONSULTORIA,150
9/4/2018,SESSÃO CLÍNICA DE CIRURGIA VASCULAR,SESSÃO,7,DISCUSSÃO CLÍNICA DOS CASOS OPERADOS,90
9/4/2018,SIG ENDOCRINOLOGIA PEDIÁTRICA,SIG,14,HIPOFOSFOTASIA: MANIFESTAÇÕES E ASSOCIAÇÕES INCOMUNS,65
9/4/2018,REUNIÃO - PROGRAMA TELESSAÚDE - HUPES,REUNIÃO DRª SUZY,7,REUNIÃO - PROGRAMA TELESSAÚDE - HUPES,180
10/4/2018,SIG SENTINELAS EM AÇÃO,SIG,3,PROTOCOLO DE DOR TORÁCICA,35
10/4/2018,VIDEOCONFERÊNCIA EBSERH,VIDEOCONFERÊNCIA EBSERH,2,DIRETRIZES PARA AVALIAÇÕES DE TECNOLOGIAS EM SAÚDE REDE EBSERH,120
10/4/2018,SIG DOENÇAS NEUROMUSCULARES,SIG,2,ELABORAÇÃO DE PROTOCOLOS PARA DIAGNÓSTICO DAS MIOPATIAS,60
11/4/2018,SESSÃO CLÍNICA DE CIRURGIA VASCULAR,SESSÃO,13,INSUFICIÊNCIA VENOSA: TRATAMENTO,120
12/4/2018,ATIVIDADE ADMINISTRATIVA EBSERH,UTILIZAÇÃO DE COMPUTADOR,1,UTILIZAÇÃO DE COMPUTADOR PARA ATIVIDADE EBSERH,125
12/4/2018,GRAVAÇÃO DE VIDEOAULA INTERNA - ODONTOLOGIA,GRAVAÇÃO VÍDEOAULA,1,MANEJO ODONTOLÓGICO DO PACIENTE EM TRATAMENTO ONCOLÓGICO,60
12/4/2018,SIG COLABORATIVO EM EDUCAÇÃO MÉDICA,SIG,1,DESENVOLVIMENTO PEDAGÓGICO DE PRECEPTORES BLENDED LEARNING,60
13/4/2018,SIG TERAPIA OCUPACIONAL,SIG,3,BRINQUEDOTECA ITINERANTE: A PROMOÇÃO DO BRINCAR EM CONTEXTO HOSPITALAR,90
13/4/2018,TESTE DE CONEXÃO - BANCA,TESTE DE BANCA,1,TESTE DE APRESENTAÇÃO,30
16/4/2018,SESSÃO CLÍNICA DE CIRURGIA VASCULAR,SESSÃO,7,DISCUSSÃO CLÍNICA DOS CASOS OPERADOS,80
17/4/2018,SIG SENTINELAS EM AÇÃO,SIG,3,PROTOCOLO DE MANUSEIO DE CATETER IMPLANTÁVEL DE LONGA PERMANÊNCIA,50
17/4/2018,SIG DEGLUTIÇÃO E DISFAGIA,SIG,17,SARCOPENIA E DEGLUTIÇÃO,60
18/4/2018,SESSÃO CLÍNICA DE CIRURGIA VASCULAR,SESSÃO,13,"VARIZES DE MMII - ANATOMIA, FISIOPATOLOGIA E DIAGNÓSTICO",90
18/4/2018,SESSÃO CLÍNICA DE HEPATOLOGIA,SESSÃO,24,INVESTIGAÇÃO DA TROMBOFILIA NAS DOENÇAS VASCULARES DO FÍGADO,120
19/4/2018,DEFESA DE DISSERTAÇÃO DE MESTRADO,BANCA MESTRADO,19,CONSUMO DE ÁLCOOL ENTRE ADOLESCENTES DE COMUNIDADE LITORÂNEA,170
19/4/2018,WEBPALESTRA TELESSAÚDE,WEBCONFERÊNCIA,10,CÂNCER BUCAL: SINAIS CLÍNICOS E DIAGNÓSTICOS,80
23/4/2018,SESSÃO CLÍNICA DE CIRURGIA VASCULAR,SESSÃO,7,DISCUSSÃO DE CASOS CLÍNICOS,115
23/4/2018,TESTE DE CONEXÃO - BANCA,TESTE DE BANCA,1,TESTE DE APRESENTAÇÃO,30
23/4/2018,ENTREVISTA - TV CAMARA,WEBCONFERÊNCIA,1,HEPATITE B,60
23/4/2018,GRAVAÇÃO DE VIDEOAULA INTERNA - PEDIATRIA,GRAVAÇÃO VÍDEOAULA,1,COMUNIÇÃO DE NOTÍCIAS DIFÍCIES,60
24/4/2018,SIG SENTINELAS EM AÇÃO,SIG,1,PROTOCOLO DE DESPERTAR DIÁRIO DA UTI,55
25/4/2018,SESSÃO CLÍNICA DE CIRURGIA VASCULAR,SESSÃO,15,VARIZES DE MMII - TRATAMENTO,120
25/4/2018,VIDEOCONFERÊNCIA EBSERH,VIDEOCONFERÊNCIA EBSERH,6,PRIMEIRA DIMENSÃO DA QUALIDADE,210
26/4/2018,TESTE DE CONEXÃO - BANCA,TESTE DE BANCA,1,TESTE DE CONEXÃO E APRESENTAÇÃO (REAL PRESENCE),30
26/4/2018,SIG SAÚDE DA CRIANÇA E DO ADOLESCENTE,SIG,2,QUALIFICAÇÃO DA ATENÇÃO NEONATAL: ESTRATÉGIA QUALINEO,70
26/4/2018,DEFESA DE TCC,BANCA TCC,10,SAÚDE MENTAL E FONOAUDIOLOGIA: RELATO DE EXPERÊNCIA EM UM PROGRAMA DE RESIDÂNCIA MULTIPROFISSIONAL,120
27/4/2018,SIG TÉCNICO OPERACIONAL,SIG,2,SERVIÇOS QUE A RNP TEM DISPONÍVEL PARA COMUNIDADE RUTE,120
30/4/2018,SESSÃO CLÍNICA DE CIRURGIA VASCULAR,SESSÃO,4,DISCUSSÃO CLÍNICA DOS CASOS OPERADOS,80
30/4/2018,DEFESA DE TESE DE DOUTORADO,BANCA DOUTORADO,9,AUTOAVALIAÇÃO DO ESTADO DE SAÚDE DE MULHERES ATENDIDAS POR ENFERMEIRAS NO PRÉ NATAL: RESULTADO SENSÍVEL DE ENFERMAGEM,195
2/5/2018,SESSÃO CLÍNICA DE CIRURGIA VASCULAR,SESSÃO,14,MICROVARIZES E TELANGIECTASIAS,90
3/5/2018,REUNIÃO ADMINISTRATIVA,REUNIÃO SRAS,3,ATIVIDADE DO SRAS,30
4/5/2018,REUNIÃO DO CINECLUBINHO,REUNIÃO DRª SUZY,10,REUNIÃO CINECLUBINHO,85
7/5/2018,SESSÃO CLÍNICA ENDOVASCULAR,SESSÃO,7,DISCUSSÃO CLÍNICA DOS CASOS OPERADOS,80
7/5/2018,SESSÃO CLÍNICA DE CIRURGIA VASCULAR,SESSÃO,7,DISCUSSÃO CLÍNICA DOS CASOS OPERADOS,40
8/5/2018,SIG AVC,SIG,8,RELAÇÃO ENTRE ARBOVIROSES E AVC,40
8/5/2018,SIG SENTINELAS EM AÇÃO,SIG,1,,40
8/5/2018,SIG DOENÇAS NEUROMUSCULARES,SIG,1,ABORDAGEM CLÍNICA NAS MIOPATIAS MAS FREQUENTES EM ADULTOS,60
9/5/2018,SESSÃO CLÍNICA DE CIRURGIA VASCULAR,SESSÃO,14,TVP - FISIOPATOLOGIA E DIAGNÓSTICO,85
9/5/2018,WEBCONFERÊNCIA - TRANSPLANTE CARDÍACO,WEBCONFERÊNCIA,2,DISCUSSÃO DE CASOS CLÍNICOS,60
10/5/2018,VIDEOCONFERÊNCIA EBSERH,VIDEOCONFERÊNCIA EBSERH,3,REMANEJAMENTO DE VAGAS REMANESCENTES,120
10/5/2018,SIG COLABORATIVO EM EDUCAÇÃO MÉDICA,SIG,2,O SABER SENSÍVEL NO PROCESSO DE ENSINO-APRENDIZAGEM NAS GRADUAÇÕES EM SAÚDE,70
10/5/2018,GRAVAÇÃO DE VIDEOAULA INTERNA - PEDIATRIA,GRAVAÇÃO VÍDEOAULA,1,FIBROSE CÍSTICA: UMA DOENÇA COM MÚLTIPLAS FORMAS CLÍNICAS,90
10/5/2018,WEBCONFERÊNCIA - TELESSAÚDE UFPE,WEBCONFERÊNCIA,4,PLATAFORMA HEALTHNET,150
11/5/2018,REUNIÃO ADMINISTRATIVA,REUNIÃO UROLOGIA,2,REUNIÃO UROLOGIA,170
11/5/2018,SIG TERAPIA OCUPACIONAL,SIG,6,TRABALHADORES DA SAÚDE: DESAFIOS DO CUIDADO - CUIDAR DE SÍ,90
14/5/2018,SESSÃO CLÍNICA ENDOVASCULAR,SESSÃO,6,DISCUSSÃO DE CASOS OPERADOS,60
14/5/2018,SESSÃO CLÍNICA DE CIRURGIA VASCULAR,SESSÃO,6,DISCUSSÃO DE CASOS OPERADOS,95
14/5/2018,SIG ENDOCRINOLOGIA PEDIÁTRICA,SIG,8,SÍNDROME DE PRADER-WILLI,75
15/5/2018,SIG SENTINELAS EM AÇÃO,SIG,3,PLANO TERAPÊUTICO,65
15/5/2018,SIG DEGLUTIÇÃO E DISFAGIA,SIG,10,DISFAGIA ESOFÁGICA,60
16/5/2018,SESSÃO CLÍNICA DE CIRURGIA VASCULAR,SESSÃO,12,TVP - TRATAMENTO E PROFILAXIA,105
16/5/2018,SIMPÓSIO HUCAM - 50 ANOS,SESSÃO,1,,90
18/5/2018,TESTE DE CONEXÃO - BANCA,TESTE DE BANCA,1,TESTE DE APRESENTAÇÃO,30
18/5/2018,REUNIÃO ADMINISTRATIVA,REUNIÃO UGRL,2,REUNIÃO UGRL,40
21/5/2018,SESSÃO CLÍNICA ENDOVASCULAR,SESSÃO,5,DISCUSSÃO DE CASOS OPERADOS,75
21/5/2018,SESSÃO CLÍNICA DE CIRURGIA VASCULAR,SESSÃO,6,DISCUSSÃO DE CASOS OPERADOS,55
21/5/2018,VIDEOCONFERÊNCIA EBSERH,VIDEOCONFERÊNCIA EBSERH,5,CURSO - REFORMA TRABALHISTA,210
22/5/2018,VIDEOCONFERÊNCIA EBSERH,VIDEOCONFERÊNCIA EBSERH,4,CURSO - REFORMA TRABALHISTA,240
22/5/2018,SIG SENTINELAS EM AÇÃO,SIG,3,ANÁLISE DE RISCOS NA SAÚDE COM O MÉTODO BOEN TIE,60
22/5/2018,TESTE DE CONEXÃO - BANCA,TESTE DE BANCA,1,TESTE DE APRESENTAÇÃO,30
22/5/2018,REUNIÃO UNIDADES E-SAÚDE - EBSERH,SESSÃO,1,TELEMEDICINA,100
23/5/2018,SESSÃO CLÍNICA DE CIRURGIA VASCULAR,SESSÃO,13,TROMBOFILIAS / ARTIGO CIENTÍFICO,75
23/5/2018,VIDEOCONFERÊNCIA EBSERH,VIDEOCONFERÊNCIA EBSERH,4,CURSO - REFORMA TRABALHISTA,240
24/5/2018,VIDEOCONFERÊNCIA EBSERH,VIDEOCONFERÊNCIA EBSERH,4,CURSO - REFORMA TRABALHISTA,225
24/5/2018,SIG SAÚDE DA CRIANÇA E DO ADOLESCENTE,SIG,8,CONECTE-SE AO QUE IMPORTA,60
25/5/2018,VIDEOCONFERÊNCIA EBSERH,VIDEOCONFERÊNCIA EBSERH,2,CURSO - REFORMA TRABALHISTA,225
24/5/2018,GRAVAÇÃO DE VIDEOAULA INTERNA - PEDIATRIA,GRAVAÇÃO VÍDEOAULA,1,INSIFUCIÊNCIA CARDÍACA,90
25/5/2018,GRAVAÇÃO DE VIDEOAULA INTERNA - PEDIATRIA,GRAVAÇÃO VÍDEOAULA,1,FIBROSE CÍSTICA: UMA DOENÇA COM MÚLTIPLAS FORMAS CLÍNICAS,60
28/5/2018,SESSÃO CLÍNICA DE CIRURGIA ENDOVASCULAR,SESSÃO,4,DISCUSSÃO DE CASOS OPERADOS,65
28/5/2018,SESSÃO CLÍNICA DE CIRURGIA VASCULAR,SESSÃO,5,DISCUSSÃO DE CASOS OPERADOS,90
28/5/2018,DEFESA DE TESE DE DOUTORADO,BANCA DOUTORADO,12,AVALIAÇÃO DAS VARIAÇÕES ANATÔMICAS DO CANAL MANDIBULAR EM TOMOGRAFIA COMPUTADORIZADA,240
28/5/2018,DEFESA DE TCC,BANCA TCC,10,FREQUÊNCIA DE ERROS DE ADMINISTRAÇÃO DE MEDICAMENTOS EM HOSPITAIS NA AMÉRICA LATINA - UMA REVISÃO SISTEMÁTICA,95
29/5/2018,VIDEOCONFERÊNCIA EBSERH,VIDEOCONFERÊNCIA EBSERH,4,APRESENTAÇÃO DOS AVANÇOS DO PROJETO MAIS EBSERH,70
30/5/2018,SESSÃO CLÍNICA DE CIRURGIA VASCULAR,SESSÃO,15,CATETERES PARA HEMODIÁLISE E QUIMIOTERAPIA / ARTIGO CIENTÍFICO,95
30/5/2018,SESSÃO CLÍNICA PNEUMO-RADIOLOGIA,SESSÃO,18,DISCUSSÃO DE CASOS,60
4/6/2018,SESSÃO CLÍNICA DE CIRURGIA ENDOVASCULAR,SESSÃO,5,DISCUSSÃO DE CASOS OPERADOS,75
4/6/2018,VIDEOCONFERÊNCIA EBSERH,VIDEOCONFERÊNCIA EBSERH,1,GRUPO DE TRABALHO SST - EBSERH SEDE,70
5/6/2018,SIG SENTINELAS EM AÇÃO,SIG,5,RESÍDUOS DE SERVIÇOS DE SAÚDE - CLASSIFICAÇÃO E MANEJO DE RSS,60
5/6/2018,SIG SIMULAÇÃO EM SAÚDE,SIG,1,GERENCIAMENTO DE UM CENTRO DE SAÚDE,60
6/6/2018,SESSÃO CLÍNICA DE CIRURGIA VASCULAR,SESSÃO,12,FÍSTULAS ARTÉRIO-VENOSAS PARA HEMODIÁLISE,120
6/6/2018,SESSÃO CLÍNICA PNEUMO-RADIOLOGIA,SESSÃO,16,DISCUSSÃO DE CASOS,120
7/6/2018,GRAVAÇÃO DE VIDEOAULA INTERNA - PEDIATRIA,GRAVAÇÃO VÍDEOAULA,1,NUTRIÇÃO PARENTERAL,120
7/6/2018,VIDEOCONFERÊNCIA EBSERH,VIDEOCONFERÊNCIA EBSERH,3,NORMA OPERACIONAL MOBILIDADE - DISCUSSÃO DO PARECER JURÍDICO EBSERH,120
8/6/2018,GRAVAÇÃO DE VIDEOAULA INTERNA - PEDIATRIA,GRAVAÇÃO VÍDEOAULA,1,NUTRIÇÃO PARENTERAL,60
8/6/2018,TESTE DE CONEXÃO - BANCA,TESTE DE BANCA,1,TESTE DE CONEXÃO,30
11/6/2018,SESSÃO CLÍNICA DE CIRURGIA ENDOVASCULAR,SESSÃO,5,DISCUSSÃO DE CASOS OPERADOS,70
11/6/2018,REUNIÃO ADMINISTRATIVA,REUNIÃO SRAS,4,REUNIÃO ADMINISTRATIVA,35
11/6/2018,SESSÃO CLÍNICA DE CIRURGIA VASCULAR,SESSÃO,6,DISCUSSÃO DE CASOS OPERADOS,90
11/6/2018,SIG ENDOCRINOLOGIA PEDIÁTRICA,SIG,7,CRESCIMENTO DE PREMATUROS,60
12/6/2018,SIG SENTINELAS EM AÇÃO,SIG,5,PROTOCOLO DE SUICÍDIO,60
12/6/2018,SIG DOENÇAS NEUROMUSCULARES,SIG,1,ABORDAGEM CLÍNICA NAS MIOPATIAS MAS FREQUENTES EM CRIANÇAS,60
13/6/2018,SESSÃO CLÍNICA DE CIRURGIA VASCULAR,SESSÃO,11,PÉ DIABÉTICO NEUROPÁTICO / ARTIGO CIENTÍFICO,70
13/6/2018,VIDEOCONFERÊNCIA EBSERH,VIDEOCONFERÊNCIA EBSERH,3,PROJETO MAIS EBSERH,90
14/6/2018,VIDEOCONFERÊNCIA MINISTÉRIO DA SAÚDE,VIDEOCONFERÊNCIA,3,CURSO CEEO,180
15/6/2018,REUNIÃO ADMINISTRATIVA,REUNIÃO SRAS,2,REUNIÃO ADMINISTRATIVA,75
18/6/2018,SESSÃO CLÍNICA DE CIRURGIA ENDOVASCULAR,SESSÃO,6,DISCUSSÃO DE CASOS OPERADOS,70
18/6/2018,SESSÃO CLÍNICA DE CIRURGIA VASCULAR,SESSÃO,7,DISCUSSÃO DE CASOS OPERADOS,45
18/6/2018,SIG ODONTOLOGIA - DIAGNÓSTICO BUCAL,SIG,6,TRANSPLANTE DE CÉLULAS TRONCO HEMATOPOIÉTICAS E CARCINOMA ESPINOCELULAR BUCAL: RELATO DE CASO,50
19/6/2018,SIG SENTINELAS EM AÇÃO,SIG,1,ENGAJAMENTO DO PACIENTE COMO INSTRUMENTO PARA MELHORAR O CUIDADO,50
19/6/2018,SIG DEGLUTIÇÃO E DISFAGIA,SIG,2,MEDIDAS XEROSTÔMICAS NO PACIENTE DISFÁGICO,65
20/6/2018,SESSÃO CLÍNICA DE CIRURGIA VASCULAR,SESSÃO,12,PÉ DIABÉTICO INFECCIOSO / ARTIGO CIENTÍFICO,71
20/6/2018,TESTE DE CONEXÃO - BANCA,TESTE DE BANCA,1,TESTE DE CONEXÃO,30
20/6/2018,SIG RNPT,SIG,1,TELEOFTALMOLOGIA,50
21/6/2016,DEFESA DE DISSERTAÇÃO DE MESTRADO,BANCA MESTRADO,9,IMAGEM CORPORAL DE ADOLESCENTES ESCOLARES QUILOMBOLAS COM SOBREPESO E OBESIDADE,180
25/6/2018,SESSÃO CLÍNICA DE CIRURGIA ENDOVASCULAR,SESSÃO,6,DISCUSSÃO DE CASOS OPERADOS,60
25/6/2018,SESSÃO CLÍNICA DE CIRURGIA VASCULAR,SESSÃO,6,DISCUSSÃO DE CASOS OPERADOS,40
25/6/2018,VIDEOCONFERÊNCIA EBSERH,VIDEOCONFERÊNCIA EBSERH,23,CURSO IN COMPANY (LICITAÇÃO),240
25/6/2018,SIG COLABORATIVO EM EDUCAÇÃO MÉDICA,SIG,1,ÉTICA E ENSINO NA SAÚDE,60
26/6/2018,VIDEOCONFERÊNCIA EBSERH,VIDEOCONFERÊNCIA EBSERH,23,CURSO IN COMPANY (LICITAÇÃO),240
26/6/2018,SIG SENTINELAS EM AÇÃO,SIG,1,MOVIMENTO PELA SEGURANÇA NA TERAPIA NUTRICIONAL ENTERAL: O QUE HÁ DE NOVO COMO OS DISPOSITIVOS?,60
27/6/2018,VIDEOCONFERÊNCIA EBSERH,VIDEOCONFERÊNCIA EBSERH,22,CURSO IN COMPANY (LICITAÇÃO),250
27/6/2018,SESSÃO CLÍNICA DE CIRURGIA VASCULAR,SESSÃO,10,PREVENÇÃO DAS COMPLICAÇÕES DO PÉ DIABÉTICO / ARTIGO CIENTÍFICO,70
27/6/2018,GRAVAÇÃO DE VIDEOAULA INTERNA - HEPATOLOGIA,GRAVAÇÃO VÍDEOAULA,1,DIAGNÓSTICO E ESTADIAMENTO DA DOENÇA HEPÁTICA GORDUROSA NÃO ALCOÓLICA,35
28/6/2018,VIDEOCONFERÊNCIA EBSERH,VIDEOCONFERÊNCIA EBSERH,22,CURSO IN COMPANY (LICITAÇÃO),240
28/6/2018,SIG SAÚDE DA CRIANÇA E DO ADOLESCENTE,SIG,10,ASMA,60
28/6/2018,TESTE DE CONEXÃO - BANCA,TESTE DE BANCA,1,TESTE DE APRESENTAÇÃO,30
29/6/2018,SIG UROLOGIA PEDIÁTRICA,SIG,1,HIPOSPLÁDIAS,90
29/6/2018,SIG TÉCNICO OPERACIONAL,SIG,2,GT - MCU: ESCALÁVEL E DE BAIXO CUSTO,120
29/6/2018,DEFESA DE DISSERTAÇÃO DE MESTRADO,BANCA MESTRADO,25,ADMISSÃO HOSPITALAR POR REAÇÃO ADVERSA A MEDICAMENTOS EM UM HOSPITAL DE ENSINO,130
3/7/2018,SIG AVC,SIG,8,TROMBOSE VENOSA CENTRAL,60
3/7/2018,SIG SENTINELAS EM AÇÃO,SIG,2,PLANO DE OTIMIZAÇÃO DOS TEMPOS PARA O ATENDIMENTO NO INFARTO AGUDO NO MIOCÁRDIO,60
3/7/2018,GRAVAÇÃO DE VIDEOAULA INTERNA - MEDICINA LEGAL,GRAVAÇÃO VÍDEOAULA,1,LEIS DE REGISTROS PÚBLICOS,60
3/7/2018,WEBPALESTRA TELESSAÚDE,WEBCONFERÊNCIA,5,PROTOCOLO E DIRETRIZES,90
4/7/2018,SESSÃO CLÍNICA DE CIRURGIA VASCULAR,SESSÃO,14,AMPUTAÇÃO DOS MEMBROS INFERIORES E REABILITAÇÃO / ARTIGO CIENTÍFICO,90
4/7/2018,VIDEOCONFERÊNCIA EBSERH,VIDEOCONFERÊNCIA EBSERH,4,LANÇAMENTO DO GRAND CHAPTER EBSERH,150
5/7/2018,GRAVAÇÃO DE VIDEOAULA INTERNA - MEDICINA LEGAL,GRAVAÇÃO VÍDEOAULA,1,DECLARAÇÃO DE ÓBITO,66
6/7/2018,SIG TERAPIA OCUPACIONAL,SIG,2,DISCUSSÃO DE CASOS,60
9/7/2018,SESSÃO CLÍNICA DE CIRURGIA ENDOVASCULAR,SESSÃO,6,DISCUSSÃO DE CASOS OPERADOS,80
9/7/2018,SESSÃO CLÍNICA DE CIRURGIA VASCULAR,SESSÃO,8,DISCUSSÃO DE CASOS OPERADOS,70
9/7/2018,GRAVAÇÃO DE VIDEOAULA INTERNA - HEPATOLOGIA,GRAVAÇÃO VÍDEOAULA,1,JULHO AMARELO - HEPATITES VIRAIS,15
10/7/2018,SIG SENTINELAS EM AÇÃO,SIG,1,PROTOCOLO DE TABAGISMO,60
11/7/2018,SESSÃO CLÍNICA DE CIRURGIA VASCULAR,SESSÃO,11,"ANEURISMA DE AORTA ABDOMINAL: DIAGNÓSTICO, EPDEMIOLOGIA E EVOLUÇÃO NATURAL / ARTIGO CIENTÍFICO",85
11/7/2018,VIDEOCONFERÊNCIA EBSERH,VIDEOCONFERÊNCIA EBSERH,2,PROJETO MAIS EBSERH,90
11/7/2018,GRAVAÇÃO DE VIDEOAULA INTERNA - LAPI,GRAVAÇÃO VÍDEOAULA,1,PROJETO REDAÇÃO CIENTÍFICA - AULA 01,60
12/7/2018,WEBCONFERÊNCIA - REUNIÃO GERENTES,WEBCONFERÊNCIA,1,REUNIÃO DOS GERENTES,40
12/7/2018,REUNIÃO ADMINISTRATIVA,REUNIÃO SRAS,2,ATIVIDADE DO SRAS,40
12/7/2018,SIG RCP,SIG,4,CORONARIOPATIA E RCP,45
13/7/2018,GRAVAÇÃO DE VIDEOAULA INTERNA - LAPI,GRAVAÇÃO VÍDEOAULA,1,PROJETO REDAÇÃO CIENTÍFICA - AULA 02,50
16/7/2018,SESSÃO CLÍNICA DE CIRURGIA ENDOVASCULAR,SESSÃO,8,DISCUSSÃO DE CASOS OPERADOS,60
16/7/2018,SESSÃO CLÍNICA DE CIRURGIA VASCULAR,SESSÃO,8,DISCUSSÃO DE CASOS OPERADOS,85
16/7/2018,VIDEOCONFERÊNCIA EBSERH,VIDEOCONFERÊNCIA EBSERH,1,GRUPO DE VISTORIA SST,165
17/7/2018,SIG DEGLUTIÇÃO E DISFAGIA,SIG,5,ATUAÇÃO FONOAUDIOLÓGICA NO PACIENTE ADULTO DISFÁGICO EM UTI,68
17/7/2018,SIG SENTINELAS EM AÇÃO,SIG,2,PROTOCOLO DE TEV,60
17/7/2018,SIG DOENÇAS NEUROMUSCULARES,SIG,1,BIÓPSIA MUSCULAR NO DIAGNÓSTICO DE DOENÇAS NEUROMUSCULARES,60
18/7/2018,SESSÃO CLÍNICA DE CIRURGIA VASCULAR,SESSÃO,14,ANEURISMA DE AORTA ABDOMINAL: TRATAMENTO / ARTIGO CIENTÍFICO,98
18/7/2018,VIDEOCONFERÊNCIA EBSERH,VIDEOCONFERÊNCIA EBSERH,1,GRUPO DE VISTORIA SST,65
18/7/2018,GRAVAÇÃO DE VIDEOAULA INTERNA - LAPI,GRAVAÇÃO VÍDEOAULA,1,PROJETO REDAÇÃO CIENTÍFICA - AULA 03,40
19/7/2018,VIDEOCONFERÊNCIA EBSERH,VIDEOCONFERÊNCIA EBSERH,6,"ORIENTAÇÃO SOBRE O MODELO ""ORÇAMENTO BASE ZERO",75
20/7/2018,GRAVAÇÃO DE VIDEOAULA INTERNA - LAPI,GRAVAÇÃO VÍDEOAULA,1,PROJETO REDAÇÃO CIENTÍFICA - AULA 04,60
23/7/2018,SESSÃO CLÍNICA DE CIRURGIA ENDOVASCULAR,SESSÃO,8,DISCUSSÃO DE CASOS OPERADOS,60
23/7/2018,SESSÃO CLÍNICA DE CIRURGIA VASCULAR,SESSÃO,8,DISCUSSÃO DE CASOS OPERADOS,60
24/7/2018,GRAVAÇÃO DE VIDEOAULA INTERNA - MEDICINA LEGAL,GRAVAÇÃO VÍDEOAULA,1,BIOÉTICA E RELAÇÃO MÉDICO PACIENTE E FAMILIARES / DISCURSO MÉDICO E DANOS / COMUNICAÇÃO E REDUÇÃO DE DANOS NA ASSISTÊNCIA,40
25/7/2018,SESSÃO CLÍNICA DE CIRURGIA VASCULAR,SESSÃO,11,ANEURISMA DE AORTA ABDOMINAL: ANEURISMA ROTO / ARTIGO CIENTÍFICO,100
25/7/2018,SESSÃO CLÍNICA PNEUMO-RADIOLOGIA,SESSÃO,20,DISCUSSÃO DE CASOS,90
25/7/2018,VIDEOCONFERÊNCIA EBSERH,VIDEOCONFERÊNCIA EBSERH,1,GRUPO DE VISTORIA SST,140
26/7/2018,SIG SAÚDE DA CRIANÇA E DO ADOLESCENTE,SIG,5,A CASA INVADIDA: A CRIANÇA E AS MÍDIAS DIGITAIS,60
26/7/2018,VIDEOCONFERÊNCIA MINISTÉRIO DA SAÚDE,VIDEOCONFERÊNCIA,4,HIV - AIDS E HEPATITES VIRAIS,180
26/7/2018,GRAVAÇÃO DE VIDEOAULA INTERNA - HEPATOLOGIA,GRAVAÇÃO VÍDEOAULA,2,CAMPANHA DE COMBATE ÀS HEPATITES VIRAIS,10
26/7/2018,GRAVAÇÃO DE VIDEOAULA INTERNA - HEPATOLOGIA,GRAVAÇÃO VÍDEOAULA,1,CAMPANHA DE COMBATE ÀS HEPATITES VIRAIS,20
27/7/2018,GRAVAÇÃO DE VIDEOAULA INTERNA - HEPATOLOGIA,GRAVAÇÃO VÍDEOAULA,2,CAMPANHA DE COMBATE ÀS HEPATITES VIRAIS,40
27/7/2018,SIG TÉCNICO OPERACIONAL,SIG,1,,120
27/7/2018,VIDEOCONFERÊNCIA EBSERH,VIDEOCONFERÊNCIA EBSERH,1,GRUPO DE VISTORIA SST,120
27/7/2018,GRAVAÇÃO DE VIDEOAULA INTERNA - MEDICINA LEGAL,GRAVAÇÃO VÍDEOAULA,1,ACESSO A DECLARAÇÃO DE ÓBITO PELO PRISMA DOS DIREITOS FUNDAMENTAIS,50
30/7/2018,SESSÃO CLÍNICA DE CIRURGIA ENDOVASCULAR,SESSÃO,8,DISCUSSÃO DE CASOS OPERADOS,70
30/7/2018,SESSÃO CLÍNICA DE CIRURGIA VASCULAR,SESSÃO,8,DISCUSSÃO DE CASOS OPERADOS,90
31/7/2018,QUALIFICAÇÃO DE DISSERTAÇÃO DE MESTRADO,BANCA MESTRADO,1,BANCA DE QUALIFICAÇÃO DE MESTRADO,120
31/7/2018,SIG SENTINELAS EM AÇÃO,SIG,2,GERENCIAMENTO DA DOR,60
1/8/2018,SESSÃO CLÍNICA DE CIRURGIA VASCULAR,SESSÃO,11,"ANEURISMA DE AORTA TORÁCICA, TÓRACO ABDOMINAL / ARTIGO CIENTÍFICO",90
1/8/2018,VIDEOCONFERÊNCIA EBSERH,VIDEOCONFERÊNCIA EBSERH,1,GRUPO DE VISTORIA SST,90
2/8/2018,GRAVAÇÃO DE VIDEOAULA INTERNA - MEDICINA LEGAL,GRAVAÇÃO VÍDEOAULA,1,HUMANIZAÇÃO ACOLHIMEMTNO,30
2/8/2018,GRAVAÇÃO DE VIDEOAULA INTERNA - MEDICINA LEGAL,GRAVAÇÃO VÍDEOAULA,1,DECLARAÇÃO DE ÓBITO EM  CASO DE MORTE FETAL / NEONATAL,40
2/8/2018,GRAVAÇÃO DE VIDEOAULA INTERNA - MEDICINA LEGAL,GRAVAÇÃO VÍDEOAULA,1,PROCESSAMENTO DE MORTES NATURAIS SEM ABERTURA DE CORPO,40
6/8/2018,SESSÃO CLÍNICA DE CIRURGIA ENDOVASCULAR,SESSÃO,6,DISCUSSÃO DE CASOS OPERADOS,60
6/8/2018,SESSÃO CLÍNICA DE CIRURGIA VASCULAR,SESSÃO,6,DISCUSSÃO DE CASOS OPERADOS,80
7/8/2018,SIG AVC,SIG,7,PREVENÇÃO PRIMÁRIA DO AVC,60
7/8/2018,GRAVAÇÃO DE VIDEOAULA INTERNA - MEDICINA LEGAL,GRAVAÇÃO VÍDEOAULA,1,HISTOPATOLOGIA ÓRGÃOS LINFÓIDE,90
8/8/2018,SESSÃO CLÍNICA DE CIRURGIA VASCULAR,SESSÃO,8,ANEURISMA DE AORTA TORACOABDOMINAL: TRATAMENTO / ARTIGO CIENTÍFICO,105
8/8/2018,VIDEOCONFERÊNCIA EBSERH,VIDEOCONFERÊNCIA EBSERH,11,QUALIDADE DA TERAPIA COM MEDICAMENTOS BIOLÓGICOS E BIOSSIMILARES,110
9/8/2018,VIDEOCONFERÊNCIA MINISTÉRIO DA SAÚDE,VIDEOCONFERÊNCIA,1,COMISSÃO ASSESSORA HEPATITES VIRAIS,210
10/8/2018,SIG TERAPIA OCUPACIONAL,SIG,5,TERAPIA OCUPACIONAL NA INFLUÊNCIA CARDÍACA,90
10/8/2018,DEFESA DE DISSERTAÇÃO DE MESTRADO,BANCA MESTRADO,12,NÍVEL DE ESTRESSE DE UNIVERSITÁRIOS DE ENFERMAGEM ASSOCIADO À FASE DE FORMAÇÃO E A FATORES SOCIODEMOGRÁFICOS,180
13/8/2018,SESSÃO CLÍNICA DE CIRURGIA ENDOVASCULAR,SESSÃO,5,DISCUSSÃO DE CASOS OPERADOS,60
13/8/2018,SESSÃO CLÍNICA DE CIRURGIA VASCULAR,SESSÃO,5,DISCUSSÃO DE CASOS OPERADOS,65
13/8/2018,VIDEOCONFERÊNCIA EBSERH,VIDEOCONFERÊNCIA EBSERH,5,TROCA DE EXPERIÊNCIA RAR,75
13/8/2018,SIG ENDOCRINOLOGIA PEDIÁTRICA,SIG,7,AVALIAÇÃO DE NÓDULOS TIREOIDEANOS EM CRIANÇAS E ADOLESCENTES,60
13/8/2018,DEFESA DE DISSERTAÇÃO DE MESTRADO,BANCA MESTRADO,1,FACEBOOK: UMA REDE PARA ENFERMAGEM,180
14/8/2018,GRAVAÇÃO DE VIDEOAULA INTERNA - MEDICINA LEGAL,GRAVAÇÃO VÍDEOAULA,1,CÉLULAS APRESENTADORAS,97
14/8/2018,SIG DOENÇAS NEUROMUSCULARES,SIG,1,O PAPEL DA IMAGEM DO MÚSCULO NO DIAGNÓSTICO DAS MIOPATIAS,60
15/8/2018,SESSÃO CLÍNICA DE CIRURGIA VASCULAR,SESSÃO,12,"ANEURISMAS PERIFÉRICOS: DIAGNÓSTICOS, EPDEMIOLOGIA, EVOLUÇÃO NATUAL E TRATAMENTO / ARTIGO CIENTÍFICO",100
16/8/2018,GRAVAÇÃO DE VIDEOAULA INTERNA - PEDIATRIA,GRAVAÇÃO VÍDEOAULA,1,CICLO INTERMEDIÁRIO DE PEDIATRIA,45
16/8/2018,VIDEOCONFERÊNCIA EBSERH,VIDEOCONFERÊNCIA EBSERH,9,EXPANSÃO ASSISTENCIAL,180
16/8/2018,WEBPALESTRA TELESSAÚDE,WEBCONFERÊNCIA,2,ODONTOLOGIA,120
17/8/2018,GRAVAÇÃO DE VIDEOAULA INTERNA - MEDICINA LEGAL,GRAVAÇÃO VÍDEOAULA,1,ATIVAÇÃO DA RESPOSTA IMUNOLÓGICA ADAPTATIVA,120
20/8/2018,SESSÃO CLÍNICA DE CIRURGIA ENDOVASCULAR,SESSÃO,5,DISCUSSÃO DE CASOS OPERADOS,60
20/8/2018,SESSÃO CLÍNICA DE CIRURGIA VASCULAR,SESSÃO,5,DISCUSSÃO DE CASOS OPERADOS,60
20/8/2018,WEBCONFERÊNCIA - MESTRADO EM FARMÁCIA,WEBCONFERÊNCIA,4,APRESENTAÇÃO DE PROJETOS,100
21/8/2018,GRAVAÇÃO DE VIDEOAULA INTERNA - HEPATOLOGIA,GRAVAÇÃO VÍDEOAULA,1,VIDEOAULA APRESENTAÇÃO,25
21/8/2018,SIG SENTINELAS EM AÇÃO,SIG,2,PROGRAMA IDOSO BEM CUIDADO,60
21/8/2018,SIG DEGLUTIÇÃO E DISFAGIA,SIG,6,USO DE EXERCÍCIOS DE FORÇA E DE RESISTÊNCIA NA REABILITAÇÃO DO PACIENTE DISFÁGICO,70
21/8/2018,VIDEOCONFERÊNCIA EBSERH,VIDEOCONFERÊNCIA EBSERH,2,LEVANTAMENTO DE GASTOS 2017,180
22/8/2018,SESSÃO CLÍNICA DE CIRURGIA VASCULAR,SESSÃO,11,ANEURISMAS VICERAIS / ARTIGO CIENTÍFICO,120
22/8/2018,GRAVAÇÃO DE VIDEOAULA INTERNA - HEPATOLOGIA,GRAVAÇÃO VÍDEOAULA,1,VIDEOAULA APRESENTAÇÃO,25
22/8/2018,VIDEOCONFERÊNCIA EBSERH,VIDEOCONFERÊNCIA EBSERH,8,PROJETO AGENTE DA MUDANÇA,100
22/8/2018,REUNIÃO DO INTERNATO,REUNIÃO DRª SUZY,14,REUNIÃO DO INTERNATO,60
23/8/2018,WEBCONFERÊNCIA - TELESSAÚDE UFPE,WEBCONFERÊNCIA,5,TREINAMENTO DA PLATAFORMA HEALTNET,260
23/8/2018,VIDEOCONFERÊNCIA EBSERH,VIDEOCONFERÊNCIA EBSERH,7,PROJETO DE EXPANSÃO,220
24/8/2018,DEFESA DE DISSERTAÇÃO DE MESTRADO,BANCA MESTRADO,15,FATORES ASSOCIADOS AO PADRÃO DE SONO EM UNIVERSITÁRIOS DE ENFERMAGEM,109
27/8/2018,SESSÃO CLÍNICA DE CIRURGIA ENDOVASCULAR,SESSÃO,5,DISCUSSÃO DE CASOS OPERADOS,70
27/8/2018,SESSÃO CLÍNICA DE CIRURGIA VASCULAR,SESSÃO,5,DISCUSSÃO DE CASOS OPERADOS,80
27/8/2018,GRAVAÇÃO DE VIDEOAULA INTERNA - HEPATOLOGIA,GRAVAÇÃO VÍDEOAULA,1,ABORDAGEM DO PRURIDO NA COLESTASE,20
28/8/2018,GRAVAÇÃO DE VIDEOAULA INTERNA - IMUNOLOGIA,GRAVAÇÃO VÍDEOAULA,1,PRINCÍCIOS BÁSICOS E CARACTERÍSTICOS DA RESPOSTA IMUNE,80
28/8/2018,SIG SENTINELAS EM AÇÃO,SIG,2,,60
29/8/2018,SESSÃO CLÍNICA DE CIRURGIA VASCULAR,SESSÃO,11,"APRESENTAÇÃO DOS OBJETIVOS, MÉTODOS E RESULTADOS PRELIMINARES DOS TCC´S",120
30/8/2018,SIMUALAÇÃO REALÍSTICA,VIDEOCONFERÊNCIA,7,SIMULAÇÃO REALÍSTICA,225
30/8/2018,SIG SAÚDE DA CRIANÇA E DO ADOLESCENTE,SIG,1,OBESIDADE INFANTIL - ABORDAGEM NUTRICIONAL E PREVENÇÃO,60
31/8/2018,SIG UROLOGIA PEDIÁTRICA,SIG,15,"DISFUNÇÃO MICCIONAL, ENURESE E REFLUXO VESICOURETRAL",100
31/8/2018,DEFESA DE TESE DE DOUTORADO,BANCA DOUTORADO,11,O SENTIDO DE SER PESSOA IDOSA VIVENDO EM INSTITUIÇÃO DE LONGA PERMANÊNCIA À LUZ DA FENOMENOLOGIA HEIDEGGENIANA,150
31/8/2018,GRAVAÇÃO DE VIDEOAULA INTERNA - MEDICINA LEGAL,GRAVAÇÃO VÍDEOAULA,1,MALTE,110
3/9/2018,SESSÃO CLÍNICA DE CIRURGIA VASCULAR,SESSÃO,5,DISCUSSÃO DE CASOS OPERADOS,90
3/9/2018,GRAVAÇÃO DE VIDEOAULA INTERNA - HEPATOLOGIA,GRAVAÇÃO VÍDEOAULA,1,HEPATOLOGIA DO MILÊNIO,15
3/9/2018,GRAVAÇÃO DE VÍDEO - COMPLEXO HUPES,GRAVAÇÃO VÍDEOAULA,1,DEPOIMENTO COMPLEXO HUPES,60
4/9/2018,SIG AVC,SIG,6,NEUROSSÍFILIS,60
4/9/2018,SIG SENTINELAS EM AÇÃO,SIG,7,MÉTODOS E FERRAMENTAS DA GETÃO DE RISCO EM SERVIÇOS DE SAÚDE,60
4/9/2018,SIG SIMULAÇÃO EM SAÚDE,SIG,2,SIMULAÇÃO INTERPROFISSIONAL,60
4/9/2018,VIDEOCONFERÊNCIA EBSERH,VIDEOCONFERÊNCIA EBSERH,2,PARTICIPAÇÃO DOS EMPREGADOS NAS PESQUISAS PATROCINADAS,80
5/9/2018,SESSÃO CLÍNICA DE CIRURGIA VASCULAR,SESSÃO,11,DOENÇA CAROTÍDEA EXTRA-CRANIANA,120
5/9/2018,VIDEOCONFERÊNCIA ANVISA,VIDEOCONFERÊNCIA,1,APRESENTAÇÃO DO VIGIMED,90
5/9/2018,SESSÃO CLÍNICA PNEUMO-RADIOLOGIA,SESSÃO,17,DISCUSSÃO DE CASOS,120
5/9/2018,VIDEOCONFERÊNCIA EBSERH,VIDEOCONFERÊNCIA EBSERH,1,VISTORIA SST,150
10/9/2018,SIG ENDOCRINOLOGIA PEDIÁTRICA,SIG,7,PARTICULARIDADES DO DM ASSOCIADO A FIBROSE CÍSTICA,60
10/9/2018,SESSÃO CLÍNICA DE CIRURGIA VASCULAR,SESSÃO,4,DISCUSSÃO DE CASOS OPERADOS,95
10/9/2018,WEBCONFERÊNCIA - TELESSAÚDE UFPE,WEBCONFERÊNCIA,2,CURSO TELEDIAGNÓSTICO,45
11/9/2018,VIDEOCONFERÊNCIA EBSERH,VIDEOCONFERÊNCIA EBSERH,14,1º SIMPÓSIO EBSERH - QUALIDADE DE MEDICAMENTOS BIOLÓGICOS E BIOSSIMILARES,90
11/9/2018,SIG SENTINELAS EM AÇÃO,SIG,3,QUALIDADE E SEGURANÇA NO PROCESSO DE DOAÇÃO - TRANSPLANTE,35
11/9/2018,VIDEOCONFERÊNCIA EBSERH,VIDEOCONFERÊNCIA EBSERH,3,GT - PARTICIPAÇÃO DE EMPREGADOS NAS PESQUISAS,120
11/9/2018,SIG DOENÇAS NEUROMUSCULARES,SIG,1,ELABORAÇÃO DE PROTOCOLOS PARA DIAGNÓSTICO DAS POLINEUROPATIAS HEREDITÁRIAS,60
12/9/2018,SESSÃO CLÍNICA DE CIRURGIA VASCULAR,SESSÃO,7,DOENÇA CEREBROVASCULAR: ASSINTOMÁTICOS,75
13/9/2018,DEFESA DE DISSERTAÇÃO DE MESTRADO,BANCA MESTRADO,29,PERFIL CLÍNICO EPDEMIOLÓGICO DOS PACIENTES COM HIPERPARATIREODISMO SECUNDÁRIO ACOMPANHADO EM UM AMBULATÓRIO DE REFERÊNCIA EM SALVADOR - BAHIA,180
14/9/2018,VIDEOCONFERÊNCIA RUTE,VIDEOCONFERÊNCIA,1,INAUGURAÇÃO DA UNIDADE RUTE - SANTA CASA E HHCL,30
14/9/2018,SIG TERAPIA OCUPACIONAL,SIG,5,A TERAPIA OCUPACIONAL E AS TÉCNICAS DE CONSERVAÇÃO DE ENERGIA,70
17/9/2018,SESSÃO CLÍNICA DE CIRURGIA VASCULAR,SESSÃO,5,DISCUSSÃO DE CASOS OPERADOS,135
18/9/2018,SIG SENTINELAS EM AÇÃO,SIG,3,VIVENCIANDO A INOVAÇÃO PARA A MELHORIA EM SERVIÇOS DE SAÚDE,60
18/9/2018,SIG DEGLUTIÇÃO E DISFAGIA,SIG,4,ASPIRAÇÃO TRAQUEAL NO LACTENTE SEM FATOR DE RISCO: ATUAÇÃO FONOAUDIOLÓGICA,65
19/9/2018,SESSÃO CLÍNICA DE CIRURGIA VASCULAR,SESSÃO,8,DOENÇA CAROTÍDEA,195
19/9/2018,GRAVAÇÃO DE VIDEOAULA INTERNA - MEDICINA LEGAL,GRAVAÇÃO VÍDEOAULA,1,IMUNODEFICIÊNCIA,60
20/9/2018,REUNIÃO COVIBRA,WEBCONFERÊNCIA,1,COVIBRA,70
24/9/2018,SESSÃO CLÍNICA DE CIRURGIA VASCULAR,SESSÃO,4,DISCUSSÃO DE CASOS OPERADOS,90
24/9/2018,VIDEOCONFERÊNCIA EBSERH,VIDEOCONFERÊNCIA EBSERH,1,PARTICIPAÇÃO DOS EMPREGADOS DA EBSERH EM PESQUISAS PATROCINADAS,80
26/9/2018,SESSÃO CLÍNICA DE CIRURGIA VASCULAR,SESSÃO,9,SÍNDROME AÓRTICA AGUDA,90
27/9/2018,SIG SAÚDE DA CRIANÇA E DO ADOLESCENTE,SIG,1,SAÚDE EMOCIONAL E BEM ESTAR DE CRIANÇAS E ADOLESCENTES ON-LINE,70
1/10/2018,SESSÃO CLÍNICA DE CIRURGIA VASCULAR,SESSÃO,6,DISCUSSÃO DE CASOS OPERADOS,85
2/10/2018,SIG SIMULAÇÃO EM SAÚDE,SIG,1,REANIMAÇÃO NEONATAL,60
2/10/2018,SIG SENTINELAS EM AÇÃO,SIG,1,GERENCIAMENTO DO USO DE ANTIMICROBIANO EM SERVIÇOS DE SAÚDE,60
2/10/2018,SIG AVC,SIG,10,DISSECÇÃO ARTERIAL CRÂNIO CEREBRAL,60
3/10/2018,SESSÃO CLÍNICA DE DERMATOLOGIA,SESSÃO,10,MANEJO DA DERMATITE ATÓPICA,90
3/10/2018,SESSÃO CLÍNICA DE CIRURGIA VASCULAR,SESSÃO,7,SÍNDROMES AÓRTICAS AGUDAS,95
3/10/2018,VIDEOCONFERÊNCIA EBSERH,VIDEOCONFERÊNCIA EBSERH,1,GRUPO DE VISTORIA SST,120
4/10/2018,GRAVAÇÃO DE VIDEOAULA INTERNA - PEDIATRIA,GRAVAÇÃO VÍDEOAULA,1,ANEMIA FERROPRIVA,50
4/10/2018,VIDEOCONFERÊNCIA EBSERH,VIDEOCONFERÊNCIA EBSERH,5,REGULAÇÃO ASSISTENCIAL,130
5/10/2018,SIG TERAPIA OCUPACIONAL,SIG,3,PROJETOS DE HUMANIZAÇÃO,80
5/10/2018,GRAVAÇÃO DE VIDEOAULA INTERNA - INFECTOLOGIA,GRAVAÇÃO VÍDEOAULA,1,REDAÇÃO CIENTÍFICA,30
8/10/2018,SESSÃO CLÍNICA DE CIRURGIA ENDOVASCULAR,SESSÃO,4,DISCUSSÃO DE CASOS OPERADOS,50
8/10/2018,SESSÃO CLÍNICA DE CIRURGIA VASCULAR,SESSÃO,4,DISCUSSÃO DE CASOS OPERADOS,70
8/10/2018,SIG ENDOCRINOLOGIA PEDIÁTRICA,SIG,7,TERAPIA DE REPOSIÇÃO COM IGF1 RECOMBINANTE NA SÍNDROME DE LARCON,60
9/10/2018,SIG DOENÇAS NEUROMUSCULARES,SIG,2,EXAMES GENÉTICOS EM DOENÇAS NEUROMUSCULARES,60
10/10/2018,SESSÃO CLÍNICA DE CIRURGIA VASCULAR,SESSÃO,11,TRAUMA VASCULAR CEREBRAL / ARTIGO CIENTÍFICO,100
11/10/2018,SIG RCP,SIG,1,SÉPSIS,60
15/10/2018,SESSÃO CLÍNICA DE CIRURGIA ENDOVASCULAR,SESSÃO,5,DISCUSSÃO DE CASOS OPERADOS,60
15/10/2018,SESSÃO CLÍNICA DE CIRURGIA VASCULAR,SESSÃO,5,DISCUSSÃO DE CASOS OPERADOS,80
16/10/2018,SIG SENTINELAS EM AÇÃO,SIG,3,PONTOS DE VISTAS: OUTROS OLHARES,60
16/10/2018,SIG DEGLUTIÇÃO E DISFAGIA,SIG,1,PROTOCOLOS DE AVALIAÇÃO CLÍNICA DA DEGLUTIÇÃO EM CRIANÇAS COM PARALISIA CEREBRAL,60
16/10/2018,GRAVAÇÃO DE VIDEOAULA INTERNA - GHU,GRAVAÇÃO VÍDEOAULA,1,COMUNICADO INSTITUCIONAL,30
17/10/2018,SESSÃO CLÍNICA DE CIRURGIA VASCULAR,SESSÃO,11,TRAUMA DOS GRANDES VASOS TORÁCICOS / ARTIGO CIENTÍFICO,110
22/10/2018,SESSÃO CLÍNICA DE CIRURGIA ENDOVASCULAR,SESSÃO,4,DISCUSSÃO DE CASOS OPERADOS,60
22/10/2018,SESSÃO CLÍNICA DE CIRURGIA VASCULAR,SESSÃO,4,DISCUSSÃO DE CASOS OPERADOS,60
22/10/2018,DEFESA DE DISSERTAÇÃO DE MESTRADO,BANCA MESTRADO,4,DESENVOLVIMENTO E VALIDAÇÃO DE INDICADORES DE QUALIDADE DE TRATAMENTO DA ARTRITE REUMATÓIDE NO BRASIL,120
23/10/2018,VIDEOCONFERÊNCIA EBSERH,VIDEOCONFERÊNCIA EBSERH,8,CURSO GESTÃO DE RISCOS ISO 31000:2018,395
24/10/2018,SESSÃO CLÍNICA DE CIRURGIA VASCULAR,SESSÃO,10,TRAUMA DOS GRANDES VASOS ABDOMINAIS / ARTIGO CIENTÍFICO,95
25/10/2018,SIG SAÚDE DA CRIANÇA E DO ADOLESCENTE,SIG,14,TDAH - SOB A ÓTICA DO PEDIATRA DO DESENVOLVIMENTO E COMPORTAMENTO,75
26/10/2018,SIG TÉCNICO OPERACIONAL,SIG,3,INTEGRAÇÃO MCONF COM VIDEOCONFERÊNCIA,85
29/10/2018,SESSÃO CLÍNICA DE CIRURGIA ENDOVASCULAR,SESSÃO,4,DISCUSSÃO DE CASOS OPERADOS,65
29/10/2018,SESSÃO CLÍNICA DE CIRURGIA VASCULAR,SESSÃO,4,DISCUSSÃO DE CASOS OPERADOS,75
31/10/2018,SESSÃO CLÍNICA DE CIRURGIA VASCULAR,SESSÃO,11,TRAUMA VASCULAR DE EXTREMIDADES / ARTIGO CIENTÍFICO,100
31/10/2018,SESSÃO CLÍNICA PNEUMO-RADIOLOGIA,SESSÃO,20,DISCUSSÃO DE CASOS CLÍNICOS,85
1/11/2018,GRAVAÇÃO DE VIDEOAULA INTERNA - PEDIATRIA,GRAVAÇÃO VÍDEOAULA,1,ESOFAGITE EOSINOFÍLICA NA INFÂNCIA,60
1/11/2018,SIG RCP,SIG,1,REUNIÃO ADMINISTRATIVA,69
5/11/2018,SESSÃO CLÍNICA DE CIRURGIA ENDOVASCULAR,SESSÃO,5,DISCUSSÃO DE CASOS OPERADOS,88
5/11/2018,SESSÃO CLÍNICA DE CIRURGIA VASCULAR,SESSÃO,5,DISCUSSÃO DE CASOS OPERADOS,51
6/11/2018,WEBCONFERÊNCIA HEPATOLOGIA,WEBCONFERÊNCIA,5,DISCUSSÃO DE CASOS EM HEPATOTOXIDADE,45
6/11/2018,SIG SENTINELAS EM AÇÃO,SIG,3,FERRAMENTAS PARA A GESTÃO DE RISCOS: COMO PODEM SER UTILIZADAS NA ANÁLISE E INVESTIGAÇÃO DE INCIDENTES EM SERVIÇOS DE SAÚDE?,62
7/11/2018,SESSÃO CLÍNICA DE CIRURGIA VASCULAR,SESSÃO,11,ISQUEMIA VISCERAL: DOENÇA RENAL / ARTIGO CIENTÍFICO,150
7/11/2018,SESSÃO CLÍNICA DE PNEUMO-RADIOLOGIA,SESSÃO,17,DISCUSSÃO DE CASOS CLÍNICOS,85
7/11/2018,SEMINÁRIO TELESSAÚDE BAHIA 5 ANOS,WEBCONFERÊNCIA,1,SEMINÁRIO TELESSAÚDE BAHIA 5 ANOS,120
8/11/2018,REUNIÃO PPGENF,VIDEOCONFERÊNCIA,11,REUNIÃO DO PROGRAMA DE PÓS GRADUAÇÃO EM ENFERMAGEM,90
8/11/2018,WEBCONFERÊNCIA TELESSAÚDE,WEBCONFERÊNCIA,,EMPRÉSTIMO DA SALA VIRTUAL,120
8/11/2018,WEBCONFERÊNCIA TELESSAÚDE,WEBCONFERÊNCIA,,EMPRÉSTIMO DA SALA VIRTUAL,240
8/11/2018,DEFESA DE TESE DE DOUTORADO,BANCA DOUTORADO,4,"ENSAIO CLÍNICO RANDOMIZADO, ABERTO, COMPARANDO A SEGURANÇA E EFICÁCIA DE UMA, DUAS OU TRÊS DOSES SEMANAIS DE ISOTIONATO DE PENTAMEDINA (7ML/KG) NO TRATAMENTO DA LEISHMANIOSE CULTÂNEA NO AMAZONAS",185
9/11/2018,SIG TERAPIA OCUPACIONAL,SIG,1,TERAPIA OCUPACIONAL EM CONTEXTOS HOSPITALARES E CUIDADOS PALIATIVOS - PROJETO ONCOJOVEM: SOBRE ADOLESCENTE COM CÂNCER,60
12/11/2018,SESSÃO CLÍNICA DE CIRURGIA ENDOVASCULAR,SESSÃO,5,DISCUSSÃO DE CASOS OPERADOS,78
12/11/2018,SESSÃO CLÍNICA DE CIRURGIA VASCULAR,SESSÃO,5,DISCUSSÃO DE CASOS OPERADOS,66
13/11/2018,SIG SENTINELAS EM AÇÃO,SIG,1,CULTURA DE SEGURANÇA,60
13/11/2018,REUNIÃO PPGENF,VIDEOCONFERÊNCIA,14,REUNIÃO DO PROGRAMA DE PÓS GRADUAÇÃO EM ENFERMAGEM,120
13/11/2018,QUALIFICAÇÃO DE DISSERTAÇÃO DE MESTRADO,BANCA MESTRADO,3,CONSTRUÇÃO E VALIDAÇÃO DA SOCIAL ANXIETY DISORDER EXPOSURE AND EVALUATION SCALE - SADEE,120
13/11/2018,SIG DOENÇAS NEUROMUSCULARES,SIG,1,GENÉTICA E EPDEMIOLOGIA DA ESCLEROSE LATERAL AMIOTRÓFICA,60
14/11/2018,SESSÃO CLÍNICA DE CIRURGIA VASCULAR,SESSÃO,9,ISQUEMIA MESENTERICA / ARTIGO CIENTÍFICO,95
14/11/2018,REUNIÃO DO INTERNATO,REUNIÃO DRª SUZY,10,REUNIÃO INTERNATO,60
14/11/2018,VIDEOCONFERÊNCIA EBSERH,VIDEOCONFERÊNCIA EBSERH,1,GRUPO DE VISTORIA SST,110
19/11/2018,SESSÃO CLÍNICA DE CIRURGIA ENDOVASCULAR,SESSÃO,4,DISCUSSÃO DE CASOS OPERADOS,90
19/11/2018,SESSÃO CLÍNICA DE CIRURGIA VASCULAR,SESSÃO,4,DISCUSSÃO DE CASOS OPERADOS,80
19/11/2018,SESSÃO DE CASOS PÉ DIABÉTICO,SESSÃO,4,DISCUSSÃO DE CASOS CLÍNICOS,40
20/11/2018,GRAVAÇÃO DE VIDEOAULA INTERNA - PEDIATRIA,GRAVAÇÃO VÍDEOAULA,1,TUBERCULOSE NA INFÂNCIA,32
21/11/2018,SESSÃO CLÍNICA DE CIRURGIA VASCULAR,SESSÃO,10,VASCULITES : TROMBOANGEITE OBLITERANTE / ARTRITE DE TAKAYASU / ARTRITE TEMPORAL / ARTIGO CIENTÍFICO,85
22/11/2018,CONGRESSO HUPES,VIDEOCONFERÊNCIA,19,MICROEXPERIMENTAÇÕES EM TECNOLOGIAS DA COMUNICAÇÃO,80
22/11/2018,CONGRESSO HUPES,VIDEOCONFERÊNCIA,62,MESA REDONDA - CRIANÇAS E ADOLESCENTES NO MUNDO DAS TELAS,90
22/11/2018,CONGRESSO HUPES,UTILIZAÇÃO DE AUDITÓRIO,47,A SESSÃO INTERDISCIPLINAR COMO UM DISPOSITIVO PEDAGÓGICO DA FORMAÇÃO PARA O SUS,90
22/11/2018,CONGRESSO HUPES,UTILIZAÇÃO DE AUDITÓRIO,27,TRATAMENTO MULTI E INTERDISCIPLINAR  NO PACIENTE COM FISSURA LABIOPALATINA,80
23/11/2018,CONGRESSO HUPES,UTILIZAÇÃO DE AUDITÓRIO,38,SESSÃO DE TEMAS LIVRES,260
23/11/2018,CONGRESSO HUPES,UTILIZAÇÃO DE AUDITÓRIO,20,CÂNCER DE BOCA: DA PREVENÇÃO A REABILITAÇÃO,80
23/11/2018,CONGRESSO HUPES,VIDEOCONFERÊNCIA,34,A MEDICINA DO FUTURO,40
26/11/2018,SESSÃO CLÍNICA DE CIRURGIA ENDOVASCULAR,SESSÃO,5,DISCUSSÃO DE CASOS OPERADOS,60
26/11/2018,SESSÃO CLÍNICA DE CIRURGIA VASCULAR,SESSÃO,5,DISCUSSÃO DE CASOS OPERADOS,74
27/11/2018,DEFESA DE TESE DE DOUTORADO,BANCA DOUTORADO,19,"PREVALÊNCIA E FATORES DE RISCO DE TRANSMISSÃO VERTICAL DO HIV, HTLV, HBV, HCV, EM SALADOR, BAHIA",150
27/11/2018,SIG SENTINELAS EM AÇÃO,SIG,2,NOTIFICAÇÃO E ANÁLISE DE INCIDENTES: COMO MELHORAR A APRENDIZAGEM?,60
28/11/2018,SESSÃO CLÍNICA DE CIRURGIA VASCULAR,SESSÃO,11,LUPÚS ERITEMATOSO SISTÊMICO,90
28/11/2018,WEBCONFERÊNCIA ENFERMAGEM,WEBCONFERÊNCIA,1,MESA REDONDA - REDES REGIONALIZADAS DE ATENÇÃO À SAÚDE: DESAFIOS À INTEGRAÇÃO E À COORDENAÇÃO DO CUIDADO,170
29/11/2018,DEFESA DE DISSERTAÇÃO DE MESTRADO,BANCA MESTRADO,5,INSUFICIÊNCIA RENAL E AJUSTE DE DOSE DE MEDICAMENTOS,90
30/11/2018,SIG ENFERMAGEM EM OFTALMOLOGIA,SIG,1,"ELABORAÇÃO DE AGENDA COM TODOS OS PARTICIPANTES, DEFINIÇÃO DE TEMAS 2019",65
30/11/2018,VIDECONFERÊNCIA EEUFBA,VIDEOCONFERÊNCIA,42,PESQUISA ORIENTADA - FORMAÇÃO DE PROFESSORES,180
3/12/2018,SESSÃO CLÍNICA DE CIRURGIA ENDOVASCULAR,SESSÃO,3,DISCUSSÃO DE CASOS OPERADOS,70
3/12/2018,SESSÃO CLÍNICA DE CIRURGIA VASCULAR,SESSÃO,3,DISCUSSÃO DE CASOS OPERADOS,60
3/12/2018,WEBCONFERÊNCIA EBSERH,WEBCONFERÊNCIA,1,REUNIÃO SOBRE AS UNIDADES DE E-SAÚDE DA REDE EBSERH,110
4/12/2018,SIG AVC,SIG,7,HIGH LIGHTS 2018 E PROGRAMAÇÃO PARA 2019,50
4/12/2018,DEFESA DE DISSERTAÇÃO DE MESTRADO,BANCA MESTRADO,24,FATORES QUE INFLUENCIAM A NOTIFICAÇÃO DE ERROS DE MEDICAÇÃO E QUASE FALHAS EM UM HOSPITAL UNIVERSITÁRIO,170
5/12/2018,SESSÃO CLÍNICA DE CIRURGIA VASCULAR,SESSÃO,9,ARTERIOPATIAS VASOMOTORAS / ARTIGO CIENTÍFICO,75
5/12/2018,GRAVAÇÃO DE VIDEOAULA INTERNA - PEDIATRIA,GRAVAÇÃO VÍDEOAULA,1,ABORDAGEM DO ADOLESCENTE,38
5/12/2018,GRAVAÇÃO DE VIDEOAULA INTERNA - MEDICINA LEGAL,GRAVAÇÃO VÍDEOAULA,1,RESPOSTA IMUNE INATA,35
5/12/2018,DEFESA DE DISSERTAÇÃO DE MESTRADO,BANCA MESTRADO,7,OBESIDADE E SOBREPESO: ADAPTAÇÃO E AVALIAÇÃO PSICOMÉTRICA DA ESCALA ESTÁGIOS DE MOTIVAÇÃO PARA MUDANÇA NA PREPARAÇÃO E NO TRATAMENTO (SOCRATES - 00),120
6/12/2018,DEFESA DE TESE DE DOUTORADO,BANCA DOUTORADO,15,ESTUDO COMPARATIVO DE PARÂMETROS CLÍNICOS E IMUNOLÓGICOS DE PACIENTES COM HEPATITE D GENOTIPOS 1 E 3,240
7/12/2018,SIG TÉCNICO OPERACIONAL,SIG,3,FECHAMENTO 2018 E DEFINICÃO DE AGENDA,48
7/12/2018,SIG TERAPIA OCUPACIONAL,SIG,3,05 ANOS DE VIDEOCONFERÊNCIA SIG TERAPIA OCUPACIONAL EM CONTEXTOS HOSPITALARES E CUIDADOS PALIATIVOS,90
10/12/2018,SESSÃO CLÍNICA DE CIRURGIA ENDOVASCULAR,SESSÃO,4,DISCUSSÃO DE CASOS OPERADOS,60
10/12/2018,SESSÃO CLÍNICA DE CIRURGIA VASCULAR,SESSÃO,4,DISCUSSÃO DE CASOS OPERADOS,60
10/12/2018,SIG ENDOCRINOLOGIA PEDIÁTRICA,SIG,10,SÍNDROME DE CUSHING  CAUSADA POR PPNAD,80
11/12/2018,SIG DOENÇAS NEUROMUSCULARES,SIG,1,ATUALIZAÇÃO EM MIOPATIAS INFLAMATÓRIAS,60
11/12/2018,VIDEOCONFERÊNCIA EBSERH,VIDEOCONFERÊNCIA EBSERH,1,GRUPO DE VISTORIA SST,80
12/12/2018,SESSÃO CLÍNICA DE CIRURGIA VASCULAR,SESSÃO,11,HEMANGIOMAS E MAL FORMAÇÕES VASCULARES,85
12/12/2018,DEFESA DE DISSERTAÇÃO DE MESTRADO,BANCA MESTRADO,11,HIVFIRD: SOFTWARE DE DETECÇÃO DE MUTAÇÕES ASSOCIADAS A RESISTÊNCIA TERAPÊUTICA DOS INIBIDORES DE FUSÃO EM SEQUÊNCIAS DO HIV-I,120
14/12/2018,QUALIFICAÇÃO DE TESE DE DOUTORADO,BANCA DOUTORADO,8,REDE DE APOIO PARA CUIDADORES DE IDOSOS DEPENDENTES: DIAGNÓSTICO E INTERVENÇÃO,180
14/12/2018,WEBCONFERÊNCIA EBSERH,WEBCONFERÊNCIA,17,FORMAÇÃO PEDAGÓGICA EM TUTORIA PARA EDUCAÇÃO EM SAÚDE - ÊNFASE EM PRECEPTORIA,100
14/12/2018,DEFESA DE TCC,BANCA TCC,210,04 DEFESAS DE TCC,210
17/12/2018,SESSÃO CLÍNICA DE CIRURGIA ENDOVASCULAR,SESSÃO,3,DISCUSSÃO DE CASOS OPERADOS,70
17/12/2018,SESSÃO CLÍNICA DE CIRURGIA VASCULAR,SESSÃO,3,DISCUSSÃO DE CASOS OPERADOS,72
17/12/2018,DEFESA DE DISSERTAÇÃO DE MESTRADO,BANCA MESTRADO,7,"ISOLAMENTO, CARACTERIAÇÃO E POTENCIAL BIOTECNOLÓGICO DE LECTINAS DE MICRO-ALGAS",200
19/12/2018,SESSÃO CLÍNICA DE CIRURGIA VASCULAR,SESSÃO,11,INSUFICIÊNCIA LINFÁTICA (LINFEDEMA) / ARTIGO CIENTÍFICO,120
19/12/2018,QUALIFICAÇÃO DE TESE DE DOUTORADO,BANCA DOUTORADO,6,ESTRATÉGIAS DE RESISTÊNCIA DE ENFERMEIRAS A PARTIR DAS LIMITAÇÕES DA SUA ATUAÇÃO PROFISSIONAL: DISCURSO E HISTÓRIA,180
19/12/2018,VIDEOCONFERÊNCIA EBSERH,VIDEOCONFERÊNCIA EBSERH,1,REUNIÃO NORMA ZERO EBSERH,90
20/12/2018,DEFESA DE DISSERTAÇÃO DE MESTRADO,BANCA MESTRADO,11,RECONSTRUÇÃO FILODINÂMICA DA INTRODUÇÃO DO SUBTIPO C DO HIV-I NO BRASIL E SUA DISPERSÃO PARA REGIÃO NORDESTE DO PAÍS,120
